-- phpMyAdmin SQL Dump
-- version 5.2.1
-- https://www.phpmyadmin.net/
--
-- Host: 127.0.0.1
-- Generation Time: Dec 02, 2024 at 01:28 PM
-- Server version: 10.4.32-MariaDB
-- PHP Version: 8.2.12

SET SQL_MODE = "NO_AUTO_VALUE_ON_ZERO";
START TRANSACTION;
SET time_zone = "+00:00";


/*!40101 SET @OLD_CHARACTER_SET_CLIENT=@@CHARACTER_SET_CLIENT */;
/*!40101 SET @OLD_CHARACTER_SET_RESULTS=@@CHARACTER_SET_RESULTS */;
/*!40101 SET @OLD_COLLATION_CONNECTION=@@COLLATION_CONNECTION */;
/*!40101 SET NAMES utf8mb4 */;

--
-- Database: `hotel_management`
--

-- --------------------------------------------------------

--
-- Table structure for table `booking`
--

CREATE TABLE `booking` (
  `booking_id` int(10) NOT NULL,
  `customer_id` int(10) NOT NULL,
  `room_id` int(10) NOT NULL,
  `booking_date` timestamp NOT NULL DEFAULT current_timestamp(),
  `check_in` varchar(100) DEFAULT NULL,
  `check_out` varchar(100) NOT NULL,
  `total_price` int(10) NOT NULL,
  `remaining_price` int(10) NOT NULL,
  `payment_status` tinyint(1) NOT NULL
) ENGINE=InnoDB DEFAULT CHARSET=latin1 COLLATE=latin1_swedish_ci;

-- --------------------------------------------------------

--
-- Table structure for table `complaint`
--

CREATE TABLE `complaint` (
  `id` int(11) NOT NULL,
  `complainant_name` varchar(100) NOT NULL,
  `complaint_type` varchar(100) NOT NULL,
  `complaint` varchar(200) NOT NULL
) ENGINE=InnoDB DEFAULT CHARSET=latin1 COLLATE=latin1_swedish_ci;

-- --------------------------------------------------------

--
-- Table structure for table `customer`
--

CREATE TABLE `customer` (
  `customer_id` int(10) NOT NULL,
  `first_name` varchar(50) NOT NULL,
  `last_name` varchar(50) NOT NULL,
  `email` varchar(100) NOT NULL,
  `contact` varchar(15) NOT NULL,
  `id_card_type` varchar(50) DEFAULT NULL,
  `id_card_number` varchar(50) DEFAULT NULL,
  `residential_address` text DEFAULT NULL
) ENGINE=InnoDB DEFAULT CHARSET=latin1 COLLATE=latin1_swedish_ci;

-- --------------------------------------------------------

--
-- Table structure for table `id_card_type`
--

CREATE TABLE `id_card_type` (
  `id_card_type_id` int(10) NOT NULL,
  `id_card_type` varchar(100) NOT NULL
) ENGINE=InnoDB DEFAULT CHARSET=latin1 COLLATE=latin1_swedish_ci;

--
-- Dumping data for table `id_card_type`
--

INSERT INTO `id_card_type` (`id_card_type_id`, `id_card_type`) VALUES
(1, 'National ID'),
(2, 'Passport'),
(3, 'Driver\'s License'),
(4, 'Student ID'),
(5, 'Voter ID');

-- --------------------------------------------------------

--
-- Table structure for table `login_tbl`
--

CREATE TABLE `login_tbl` (
  `username` varchar(30) NOT NULL,
  `password` varchar(30) NOT NULL
) ENGINE=InnoDB DEFAULT CHARSET=utf8mb4 COLLATE=utf8mb4_general_ci;

--
-- Dumping data for table `login_tbl`
--

INSERT INTO `login_tbl` (`username`, `password`) VALUES
('Admin', '12345');

-- --------------------------------------------------------

--
-- Table structure for table `reviews`
--

CREATE TABLE `reviews` (
  `id` int(11) NOT NULL,
  `name` varchar(255) NOT NULL,
  `rating` int(11) NOT NULL CHECK (`rating` >= 1 and `rating` <= 5),
  `review` text NOT NULL,
  `date` timestamp NOT NULL DEFAULT current_timestamp()
) ENGINE=InnoDB DEFAULT CHARSET=utf8mb4 COLLATE=utf8mb4_general_ci;

--
-- Dumping data for table `reviews`
--

INSERT INTO `reviews` (`id`, `name`, `rating`, `review`, `date`) VALUES
(4, 'John Doe', 5, 'Excellent service! I had a great experience.', '2024-11-04 08:14:03');

-- --------------------------------------------------------

--
-- Table structure for table `room`
--

CREATE TABLE `room` (
  `room_id` int(10) NOT NULL,
  `room_type_id` int(10) NOT NULL,
  `room_no` varchar(10) NOT NULL,
  `status` tinyint(1) DEFAULT NULL,
  `check_in_status` tinyint(1) NOT NULL,
  `check_out_status` tinyint(1) NOT NULL,
  `deleteStatus` tinyint(1) DEFAULT 0
) ENGINE=InnoDB DEFAULT CHARSET=latin1 COLLATE=latin1_swedish_ci;

--
-- Dumping data for table `room`
--

INSERT INTO `room` (`room_id`, `room_type_id`, `room_no`, `status`, `check_in_status`, `check_out_status`, `deleteStatus`) VALUES
(1, 1, '101', NULL, 0, 0, 0),
(2, 2, '102', NULL, 0, 0, 0),
(3, 3, '201', NULL, 0, 0, 0),
(4, 4, '202', NULL, 0, 0, 0),
(5, 1, '109', NULL, 0, 0, 0),
(6, 2, '110', NULL, 0, 0, 0),
(7, 3, '111', NULL, 0, 0, 0),
(8, 4, '112', NULL, 0, 0, 0),
(9, 2, '113', NULL, 0, 0, 0),
(10, 1, '114', NULL, 0, 0, 0);

-- --------------------------------------------------------

--
-- Table structure for table `room_type`
--

CREATE TABLE `room_type` (
  `room_type_id` int(10) NOT NULL,
  `room_type` varchar(100) NOT NULL,
  `price` int(10) NOT NULL,
  `max_person` int(10) NOT NULL
) ENGINE=InnoDB DEFAULT CHARSET=latin1 COLLATE=latin1_swedish_ci;

--
-- Dumping data for table `room_type`
--

INSERT INTO `room_type` (`room_type_id`, `room_type`, `price`, `max_person`) VALUES
(1, 'Single Room', 100, 1),
(2, 'Double Room', 150, 2),
(3, 'Suite', 250, 4),
(4, 'Deluxe Room', 200, 3);

-- --------------------------------------------------------

--
-- Table structure for table `user_login`
--

CREATE TABLE `user_login` (
  `id` int(10) NOT NULL,
  `username` varchar(30) NOT NULL,
  `email` varchar(50) NOT NULL,
  `password` varchar(30) NOT NULL
) ENGINE=InnoDB DEFAULT CHARSET=utf8mb4 COLLATE=utf8mb4_general_ci;

--
-- Dumping data for table `user_login`
--

INSERT INTO `user_login` (`id`, `username`, `email`, `password`) VALUES
(1, 'purvarajsinh', 'vaghelapurvarajsinh9393@gmail.com', '12345');

--
-- Indexes for dumped tables
--

--
-- Indexes for table `booking`
--
ALTER TABLE `booking`
  ADD PRIMARY KEY (`booking_id`),
  ADD KEY `room_id` (`room_id`);

--
-- Indexes for table `complaint`
--
ALTER TABLE `complaint`
  ADD PRIMARY KEY (`id`);

--
-- Indexes for table `customer`
--
ALTER TABLE `customer`
  ADD PRIMARY KEY (`customer_id`);

--
-- Indexes for table `id_card_type`
--
ALTER TABLE `id_card_type`
  ADD PRIMARY KEY (`id_card_type_id`);

--
-- Indexes for table `reviews`
--
ALTER TABLE `reviews`
  ADD PRIMARY KEY (`id`);

--
-- Indexes for table `room`
--
ALTER TABLE `room`
  ADD PRIMARY KEY (`room_id`),
  ADD KEY `room_type_id` (`room_type_id`);

--
-- Indexes for table `room_type`
--
ALTER TABLE `room_type`
  ADD PRIMARY KEY (`room_type_id`);

--
-- Indexes for table `user_login`
--
ALTER TABLE `user_login`
  ADD PRIMARY KEY (`id`);

--
-- AUTO_INCREMENT for dumped tables
--

--
-- AUTO_INCREMENT for table `booking`
--
ALTER TABLE `booking`
  MODIFY `booking_id` int(10) NOT NULL AUTO_INCREMENT, AUTO_INCREMENT=40;

--
-- AUTO_INCREMENT for table `complaint`
--
ALTER TABLE `complaint`
  MODIFY `id` int(11) NOT NULL AUTO_INCREMENT, AUTO_INCREMENT=48;

--
-- AUTO_INCREMENT for table `customer`
--
ALTER TABLE `customer`
  MODIFY `customer_id` int(10) NOT NULL AUTO_INCREMENT, AUTO_INCREMENT=29;

--
-- AUTO_INCREMENT for table `id_card_type`
--
ALTER TABLE `id_card_type`
  MODIFY `id_card_type_id` int(10) NOT NULL AUTO_INCREMENT, AUTO_INCREMENT=6;

--
-- AUTO_INCREMENT for table `reviews`
--
ALTER TABLE `reviews`
  MODIFY `id` int(11) NOT NULL AUTO_INCREMENT, AUTO_INCREMENT=9;

--
-- AUTO_INCREMENT for table `room`
--
ALTER TABLE `room`
  MODIFY `room_id` int(10) NOT NULL AUTO_INCREMENT, AUTO_INCREMENT=11;

--
-- AUTO_INCREMENT for table `room_type`
--
ALTER TABLE `room_type`
  MODIFY `room_type_id` int(10) NOT NULL AUTO_INCREMENT, AUTO_INCREMENT=5;

--
-- AUTO_INCREMENT for table `user_login`
--
ALTER TABLE `user_login`
  MODIFY `id` int(10) NOT NULL AUTO_INCREMENT, AUTO_INCREMENT=6;

--
-- Constraints for dumped tables
--

--
-- Constraints for table `booking`
--
ALTER TABLE `booking`
  ADD CONSTRAINT `booking_ibfk_1` FOREIGN KEY (`room_id`) REFERENCES `room` (`room_id`) ON DELETE CASCADE;

--
-- Constraints for table `room`
--
ALTER TABLE `room`
  ADD CONSTRAINT `room_ibfk_1` FOREIGN KEY (`room_type_id`) REFERENCES `room_type` (`room_type_id`) ON DELETE CASCADE;
COMMIT;

/*!40101 SET CHARACTER_SET_CLIENT=@OLD_CHARACTER_SET_CLIENT */;
/*!40101 SET CHARACTER_SET_RESULTS=@OLD_CHARACTER_SET_RESULTS */;
/*!40101 SET COLLATION_CONNECTION=@OLD_COLLATION_CONNECTION */;
